id,sum,m,cv,percent,percent_m,variable,variablename,base,category,profile,is_reliable,previous_sum,previous_m,previous_cv,previous_percent,previous_percent_m,previous_is_reliable,comparison_sum,comparison_m,comparison_cv,comparison_percent,comparison_percent_m,comparison_is_reliable,change_sum,change_m,change_percent,change_percent_m,change_percentage_point,change_percentage_point_m,change_percentage_point_significant,difference_sum,difference_m,significant,difference_percent,difference_percent_m,percent_significant
QWdGRkhN,42,43,62.2,0.003,0.003,agffhm,AgFFHM,CvEm16pl3,industry,economic,False,,0,,0,0,False,3870,470,7.4,0.001,0.001,True,,,,,0.003,0.003,False,-3828,471.9629222725022,True,0.19999999999999998,0.31622776601683794,False
QWdISEluYw==,603088100,38791237,3.9,0,0,aghhinc,AgHHInc,MnHHInc,economic__special_variable,economic,True,548287900,37166282,,0,0,False,307989432000,2361252362,0.5,0,0,True,54800200,53722365.78645521,False,0.09994785586185652,0.10278566248062791,False,0,0,-307386343900,2361570976.515118,True,0,0
QWdJUDE1cGw=,637755700,41469394,4,0,0,agip15pl,AgIP15pl,PerCapInc,economic__special_variable,economic,True,568858400,38567405,,0,0,False,318266008500,2111708243,0.4,0,0,True,68897300,56631752.287575044,False,0.12111502616468352,0.10531722085280337,False,0,0,-317628252800,2112115388.4655247,True,0,0
QWdUVG0=,485540,37784,4.7,0,0,agttm,AgTTm,MnTrvTm,economic__special_variable,economic,True,493560,38965,,0,0,False,156042185,593582,0.2,0,0,True,-8020,54276.163101309954,False,-0.0162492908663587,0.10905143290687155,False,0,0,-155556645,594783.3398641895,True,0,0
QXJ0RW5SQUZT,2137,359,10.2,0.168,0.026,artenrafs,ArtEnRAFS,CvEm16pl3,industry,economic,True,,0,,0,0,False,440995,5433,0.7,0.109,0.001,True,,,,,0.168,0.026,True,-438858,5444.848023590741,True,5.9,2.6019223662515376,False
Q05JMTg2NF8y,15989,931,3.5,,,cni1864_2,CNI1864_2,NA,health_insurance_coverage,economic,True,,0,,,,False,5369877,1931,0,,,True,,,,,,,-5353888,2143.716865633146,True,,
Q29uc3RjdG4=,714,222,18.9,0.056,0.017,constctn,Constctn,CvEm16pl3,industry,economic,True,,0,,0,0,False,206067,3740,1.1,0.051,0.001,True,,,,,0.056,0.017,True,-205353,3746.5829765267445,True,0.5000000000000009,1.7029386365926402,False
Q3ZFbTE2cGwx,12716,825,3.9,0.626,0.027,cvem16pl1,CvEm16pl1,Pop16pl,employment_status,economic,True,12686,794,3.8,0.597,0.027,True,4053141,9894,0.1,0.591,0.001,True,30,1145.0157204160998,False,0.002364811603342267,0.09036091471509475,False,0.029000000000000026,0.03818376618407356,False,-4040425,9928.336265457572,True,3.500000000000007,2.701851217221259,False
Q3ZFbTE2cGwy,12716,825,3.9,1,0,cvem16pl2,CvEm16pl2,CvEm16pl2,occupation,economic,True,12686,794,3.8,1,0,True,4053141,9894,0.1,1,0,True,30,1145.0157204160998,False,0.002364811603342267,0.09036091471509475,False,0,0,-4040425,9928.336265457572,True,0,0
Q3ZFbTE2cGwz,12716,825,3.9,1,0,cvem16pl3,CvEm16pl3,CvEm16pl3,industry,economic,True,,0,,0,0,False,4053141,9894,0.1,1,0,True,,,,,1,0,True,-4040425,9928.336265457572,True,0,0
Q3ZFbTE2cGw0,12716,825,3.9,1,0,cvem16pl4,CvEm16pl4,CvEm16pl4,class_of_worker,economic,True,12686,794,3.8,1,0,True,4053141,9894,0.1,1,0,True,30,1145.0157204160998,False,0.002364811603342267,0.09036091471509475,False,0,0,-4040425,9928.336265457572,True,0,0
Q3ZMRjE=,13178,839,3.9,0.649,0.026,cvlf1,CvLF1,Pop16pl,employment_status,economic,True,13341,792,3.6,0.628,0.025,True,4354474,10392,0.1,0.635,0.002,True,-163,1153.7699077372404,False,-0.012217974664567874,0.08598673320904039,False,0.02100000000000002,0.03606937759374287,False,-4341296,10425.813397524435,True,1.4000000000000057,2.6076809620810595,False
Q3ZMRjE4dDY0,12646,826,4,,,cvlf18t64,CvLF18t64,NA,health_insurance_coverage,economic,True,,0,,,,False,4102491,9890,0.1,,,True,,,,,,,-4089845,9924.433283568387,True,,
Q3ZMRjI=,13178,839,3.9,1,0,cvlf2,CvLF2,CvLF2,employment_status,economic,True,13341,792,3.6,1,0,True,4354474,10392,0.1,1,0,True,-163,1153.7699077372404,False,-0.012217974664567874,0.08598673320904039,False,0,0,-4341296,10425.813397524435,True,0,0
Q3ZMRkVt,12208,813,4,1,0,cvlfem,CvLFEm,CvLFEm,health_insurance_coverage,economic,True,,0,,0,0,False,3825543,9546,0.2,1,0,True,,,,,1,0,True,-3813335,9580.55765600312,True,0,0
Q3ZMRlVFbTE=,462,128,16.8,0.023,0.006,cvlfuem1,CvLFUEm1,Pop16pl,employment_status,economic,True,655,168,15.6,0.031,0.008,True,301333,4545,0.9,0.044,0.001,True,-193,211.20606051910536,False,-0.29465648854961835,0.2663048286700416,False,-0.008,0.01,False,-300871,4546.802062988887,True,-2.0999999999999996,0.6082762530298219,True
Q3ZMRlVFbTI=,462,128,16.8,0.035,0.009,cvlfuem2,CvLFUEm2,CvLF2,employment_status,economic,True,655,168,15.6,0.049,0.012,True,301333,4545,0.9,0.069,0.001,True,-193,211.20606051910536,False,-0.29465648854961835,0.2663048286700416,False,-0.013999999999999999,0.015,False,-300871,4546.802062988887,True,-3.4,0.9055385138137416,True
Q3ZOSVBvcDI=,24234,1205,3,1,0,cvnipop2,CvNIPop2,CvNIPop2,health_insurance_coverage,economic,True,,0,,0,0,False,8379895,1861,0,1,0,True,,,,,1,0,True,-8355661,2217.0579604511922,True,0,0
Q3ZOSVUxOF8y,4787,499,6.3,1,0,cvniu18_2,CvNIU18_2,CvNIU18_2,health_insurance_coverage,economic,True,,0,,0,0,False,1855028,1721,0.1,1,0,True,,,,,1,0,True,-1850241,1791.8822505957248,True,0,0
Q1dfQ3JwbGQ=,817,215,16,0.066,0.017,cw_crpld,CW_Crpld,Wrkr16pl,commute_to_work,economic,True,522,167,19.5,0.042,0.013,True,177245,3363,1.2,0.045,0.001,True,295,272.23886570436633,False,0.5651340996168582,0.6483567606955196,False,0.024,0.0214009345590327,False,-176428,3369.865575954032,True,2.1000000000000005,1.7029386365926402,False
Q1dfRHJ2QWxu,2860,376,8,0.233,0.026,cw_drvaln,CW_DrvAln,Wrkr16pl,commute_to_work,economic,True,2276,329,8.8,0.182,0.024,True,883066,6519,0.4,0.223,0.002,True,584,499.61685319852853,False,0.2565905096660808,0.24553151785675278,False,0.05100000000000002,0.03538361202590826,False,-880206,6529.834377685241,True,1,2.6076809620810595,False
Q1dfT3Ro,187,75,24.3,0.015,0.006,cw_oth,CW_Oth,Wrkr16pl,commute_to_work,economic,False,161,79,29.9,0.013,0.006,False,112933,2992,1.6,0.029,0.001,True,26,108.93117092916977,False,0.16149068322981366,0.7360834751321178,False,0.002,0.00848528137423857,False,-112746,2992.9398590683377,True,-1.4000000000000004,0.6082762530298219,False
Q1dfUGJUcm5z,7607,697,5.6,0.618,0.038,cw_pbtrns,CW_PbTrns,Wrkr16pl,commute_to_work,economic,True,8277,748,5.5,0.663,0.043,True,2223087,10073,0.3,0.562,0.002,True,-670,1022.4054968553328,False,-0.08094720309290805,0.11827695076749498,False,-0.04500000000000004,0.05738466694161429,False,-2215480,10097.085619127927,True,5.599999999999994,3.8052595180880893,False
Q1dfV2xrZA==,505,144,17.4,0.041,0.011,cw_wlkd,CW_Wlkd,Wrkr16pl,commute_to_work,economic,True,960,230,14.6,0.077,0.018,True,392607,5774,0.9,0.099,0.001,True,-455,271.3595400939499,False,-0.4739583333333333,0.1959177546181666,False,-0.036,0.021095023109728987,False,-392102,5775.795356485546,True,-5.8,1.104536101718726,True
Q1dfV3JrZEht,325,139,26.1,0.026,0.011,cw_wrkdhm,CW_WrkdHm,Wrkr16pl,commute_to_work,economic,False,290,150,31.4,0.023,0.012,False,164594,3729,1.4,0.042,0.001,True,35,204.50183373260984,False,0.1206896551724138,0.7521650820193798,False,0.002999999999999999,0.016278820596099707,False,-164269,3731.589741651673,True,-1.6,1.104536101718726,False
RTEwdDEycHQ1,502,138,16.7,0.016,0.004,e10t12pt5,E10t12pt5,MdEWrk,economic__special_variable,economic,True,759,0,,0,0,False,169608,0,,0,0,False,-257,138,False,-0.3386034255599473,0.1818181818181818,False,0.016,0.004,True,-169106,138,True,1.6,0.4,True
RTEycHQ1dDE1,550,143,15.8,0.017,0.004,e12pt5t15,E12pt5t15,MdEWrk,economic__special_variable,economic,True,405,0,,0,0,False,144620,0,,0,0,False,145,143,False,0.35802469135802467,0.3530864197530864,False,0.017,0.004,True,-144070,143,True,1.7000000000000002,0.4,True
RTE1dDE3cHQ1,599,154,15.7,0.019,0.005,e15t17pt5,E15t17pt5,MdEWrk,economic__special_variable,economic,True,813,0,,0,0,False,173274,0,,0,0,False,-214,154,False,-0.26322263222632225,0.1894218942189422,False,0.019,0.005,True,-172675,154,True,1.9,0.5,True
RTE3cHQ1dDIw,463,143,18.7,0.014,0.004,e17pt5t20,E17pt5t20,MdEWrk,economic__special_variable,economic,True,523,0,,0,0,False,126285,0,,0,0,False,-60,143,False,-0.1147227533460803,0.2734225621414914,False,0.014,0.004,True,-125822,143,True,1.4000000000000001,0.4,True
RTIwdDIycHQ1,719,174,14.7,0.022,0.005,e20t22pt5,E20t22pt5,MdEWrk,economic__special_variable,economic,True,872,0,,0,0,False,196961,0,,0,0,False,-153,174,False,-0.17545871559633028,0.19954128440366975,False,0.022,0.005,True,-196242,174,True,2.1999999999999997,0.5,True
RTIycHQ1dDI1,479,131,16.6,0.015,0.004,e22pt5t25,E22pt5t25,MdEWrk,economic__special_variable,economic,True,399,0,,0,0,False,107043,0,,0,0,False,80,131,False,0.20050125313283207,0.32832080200501257,False,0.015,0.004,True,-106564,131,True,1.5,0.4,True
RTdwdDV0MTA=,312,100,19.5,0.01,0.003,e7pt5t10,E7pt5t10,MdEWrk,economic__special_variable,economic,True,522,0,,0,0,False,118902,0,,0,0,False,-210,100,False,-0.40229885057471265,0.19157088122605362,False,0.01,0.003,True,-118590,100,True,1,0.3,True
RWRIbHRoQ1NB,2127,302,8.6,0.167,0.021,edhlthcsa,EdHlthCSA,CvEm16pl3,industry,economic,True,,0,,0,0,False,1080586,7811,0.4,0.267,0.002,True,,,,,0.167,0.021,True,-1078459,7816.835996744463,True,-10.000000000000004,2.1095023109728985,True
RW1ISW5z,9533,716,4.6,0.781,0.027,emhins,EmHIns,CvLFEm,health_insurance_coverage,economic,True,,0,,0,0,False,3395066,12000,0.2,0.887,0.002,True,,,,,0.781,0.027,True,-3385533,12021.341688846549,True,-10.599999999999994,2.7073972741361767,True
RW1OSElucw==,2675,513,11.7,0.219,0.039,emnhins,EmNHIns,CvLFEm,health_insurance_coverage,economic,True,,0,,0,0,False,430477,6778,1,0.113,0.002,True,,,,,0.219,0.039,True,-427802,6797.385747476746,True,10.599999999999998,3.905124837953327,False
RW1QYkhJbnM=,3175,437,8.4,0.26,0.031,empbhins,EmPbHIns,CvLFEm,health_insurance_coverage,economic,True,,0,,0,0,False,709097,5839,0.5,0.185,0.001,True,,,,,0.26,0.031,True,-705922,5855.330050475379,True,7.5,3.1016124838541645,False
RW1QdkhJbnM=,6804,612,5.5,0.557,0.034,empvhins,EmPvHIns,CvLFEm,health_insurance_coverage,economic,True,,0,,0,0,False,2778950,11243,0.2,0.726,0.002,True,,,,,0.557,0.034,True,-2772146,11259.644443764642,True,-16.89999999999999,3.4058772731852804,True
RXJuMTAwcGw=,720,146,12.4,0.022,0.004,ern100pl,Ern100pl,MdEWrk,economic__special_variable,economic,True,556,0,,0,0,False,640046,0,,0,0,False,164,146,False,0.2949640287769784,0.26258992805755393,False,0.022,0.004,True,-639326,146,True,2.1999999999999997,0.4,True
RXJuMjV0MzA=,1388,266,11.7,0.043,0.008,ern25t30,Ern25t30,MdEWrk,economic__special_variable,economic,True,1421,0,,0,0,False,262316,0,,0,0,False,-33,266,False,-0.02322308233638283,0.187192118226601,False,0.043,0.008,True,-260928,266,True,4.3,0.8,True
RXJuMnB0NXQ1,288,102,21.5,0.009,0.003,ern2pt5t5,Ern2pt5t5,MdEWrk,economic__special_variable,economic,False,390,0,,0,0,False,128242,0,,0,0,False,-102,102,False,-0.26153846153846155,0.26153846153846155,False,0.009,0.003,False,-127954,102,True,0.8999999999999999,0.3,False
RXJuMzB0MzU=,1154,230,12.1,0.036,0.007,ern30t35,Ern30t35,MdEWrk,economic__special_variable,economic,True,1087,0,,0,0,False,257513,0,,0,0,False,67,230,False,0.061637534498620056,0.21159153633854644,False,0.036,0.007,True,-256359,230,True,3.5999999999999996,0.7000000000000001,True
RXJuMzV0NDA=,966,194,12.2,0.03,0.006,ern35t40,Ern35t40,MdEWrk,economic__special_variable,economic,True,660,0,,0,0,False,217597,0,,0,0,False,306,194,False,0.4636363636363636,0.29393939393939394,False,0.03,0.006,True,-216631,194,True,3,0.6,True
RXJuNDB0NDU=,1001,217,13.2,0.031,0.006,ern40t45,Ern40t45,MdEWrk,economic__special_variable,economic,True,963,0,,0,0,False,235829,0,,0,0,False,38,217,False,0.03946002076843198,0.22533748701973,False,0.031,0.006,True,-234828,217,True,3.1,0.6,True
RXJuNDV0NTA=,540,134,15.1,0.017,0.004,ern45t50,Ern45t50,MdEWrk,economic__special_variable,economic,True,694,0,,0,0,False,155389,0,,0,0,False,-154,134,False,-0.2219020172910663,0.1930835734870317,False,0.017,0.004,True,-154849,134,True,1.7000000000000002,0.4,True
RXJuNTB0NTU=,561,154,16.7,0.017,0.005,ern50t55,Ern50t55,MdEWrk,economic__special_variable,economic,True,637,0,,0,0,False,213254,0,,0,0,False,-76,154,False,-0.11930926216640503,0.2417582417582418,False,0.017,0.005,True,-212693,154,True,1.7000000000000002,0.5,True
RXJuNTV0NjU=,925,217,14.2,0.029,0.006,ern55t65,Ern55t65,MdEWrk,economic__special_variable,economic,True,877,0,,0,0,False,294509,0,,0,0,False,48,217,False,0.05473204104903079,0.24743443557582673,False,0.029,0.006,True,-293584,217,True,2.9000000000000004,0.6,True
RXJuNXQ3cHQ1,435,157,22,0.014,0.005,ern5t7pt5,Ern5t7pt5,MdEWrk,economic__special_variable,economic,False,552,0,,0,0,False,149059,0,,0,0,False,-117,157,False,-0.21195652173913043,0.2844202898550725,False,0.014,0.005,False,-148624,157,True,1.4000000000000001,0.5,False
RXJuNjV0NzU=,547,154,17.1,0.017,0.005,ern65t75,Ern65t75,MdEWrk,economic__special_variable,economic,True,541,0,,0,0,False,221820,0,,0,0,False,6,154,False,0.011090573012939002,0.2846580406654344,False,0.017,0.005,True,-221273,154,True,1.7000000000000002,0.5,True
RXJuNzV0MTAw,707,150,12.9,0.022,0.004,ern75t100,Ern75t100,MdEWrk,economic__special_variable,economic,True,712,0,,0,0,False,391186,0,,0,0,False,-5,150,False,-0.007022471910112359,0.2106741573033708,False,0.022,0.004,True,-390479,150,True,2.1999999999999997,0.4,True
RXJuVTJwdDVr,370,109,17.9,0.011,0.003,ernu2pt5k,ErnU2pt5k,MdEWrk,economic__special_variable,economic,True,467,0,,0,0,False,175652,0,,0,0,False,-97,109,False,-0.20770877944325483,0.2334047109207709,False,0.011,0.003,True,-175282,109,True,1.0999999999999999,0.3,True
RjE2cGw=,10078,578,3.5,1,0,f16pl,F16pl,F16pl,employment_status,economic,True,10426,571,3.3,1,0,True,3642664,1274,0,1,0,True,-348,812.4807690031807,False,-0.03337809322846729,0.07665465841970677,False,0,0,-3632586,1398.985346599456,True,0,0
RjE2cGxDTEZF,5611,473,5.1,0.557,0.034,f16plclfe,F16plCLFE,F16pl,employment_status,economic,True,5169,442,5.2,0.496,0.033,True,1986266,7118,0.2,0.545,0.002,True,442,647.3739259500649,False,0.08550976978138905,0.1303434252341196,False,0.061000000000000054,0.04738143096192854,False,-1980655,7133.698409661009,True,1.1999999999999957,3.4058772731852804,False
RjE2cGxDdkxG,5837,472,4.9,0.579,0.033,f16plcvlf,F16plCvLF,F16pl,employment_status,economic,True,5481,449,5,0.526,0.032,True,2130364,7693,0.2,0.585,0.002,True,356,651.448386290119,False,0.06495165115854772,0.12258366009291846,False,0.052999999999999936,0.04596737973824482,False,-2124527,7707.466055715069,True,-0.6000000000000014,3.306055050963308,False
RjE2cGxMRg==,5837,472,4.9,0.579,0.033,f16pllf,F16plLF,F16pl,employment_status,economic,True,5481,449,5,0.526,0.032,True,2130876,7736,0.2,0.585,0.002,True,356,651.448386290119,False,0.06495165115854772,0.12258366009291846,False,0.052999999999999936,0.04596737973824482,False,-2125039,7750.385796849083,True,-0.6000000000000014,3.306055050963308,False
RmFtMg==,5327,286,3.3,1,0,fam2,Fam2,Fam2,income_and_benefits,economic,True,5894,315,3.2,1,0,True,1887978,7339,0.2,1,0,True,-567,425.46562728380303,False,-0.09619952494061758,0.06846706414760464,False,0,0,-1882651,7344.570579686739,True,0,0
RmFtQndQdg==,591,135,13.9,0.111,0.025,fambwpv,FamBwPv,FamPvU,income_in_past_12_months_is_below_the_poverty_level,economic,True,544,149,16.7,0.092,0.025,True,294980,3717,0.8,0.156,0.002,True,47,201.06217943710845,False,0.08639705882352941,0.3874619798871882,False,0.019000000000000003,0.03535533905932738,False,-294389,3719.4507659061705,True,-4.5,2.5079872407968904,False
RmFtSTEwdDE0,225,100,26.9,0.042,0.019,fami10t14,FamI10t14,Fam2,income_and_benefits,economic,False,,0,,0,0,False,77738,2003,1.6,0.041,0.001,True,,,,,0.042,0.019,False,-77513,2005.4947020623117,True,0.09999999999999964,1.9026297590440446,False
RmFtSTE1dDI0,457,120,16,0.086,0.022,fami15t24,FamI15t24,Fam2,income_and_benefits,economic,True,,0,,0,0,False,168362,3233,1.2,0.089,0.002,True,,,,,0.086,0.022,True,-167905,3235.22626720296,True,-0.3000000000000007,2.209072203437452,False
RmFtSTIwMHBs,259,79,18.7,0.049,0.015,fami200pl,FamI200pl,Fam2,income_and_benefits,economic,True,,0,,0,0,False,222929,3638,1,0.118,0.002,True,,,,,0.049,0.015,True,-222670,3638.8576504172297,True,-6.899999999999999,1.5132745950421556,True
RmFtSTI1dDM0,347,95,16.7,0.065,0.018,fami25t34,FamI25t34,Fam2,income_and_benefits,economic,True,,0,,0,0,False,160633,3131,1.2,0.085,0.002,True,,,,,0.065,0.018,True,-160286,3132.440901278107,True,-2,1.8110770276274832,False
RmFtSTM1dDQ5,776,174,13.6,0.146,0.032,fami35t49,FamI35t49,Fam2,income_and_benefits,economic,True,,0,,0,0,False,210893,3279,0.9,0.112,0.002,True,,,,,0.146,0.032,True,-210117,3283.613405990419,True,3.3999999999999986,3.2062439083762797,False
RmFtSTUwdDc0,1315,211,9.8,0.247,0.037,fami50t74,FamI50t74,Fam2,income_and_benefits,economic,True,,0,,0,0,False,287074,3475,0.7,0.152,0.002,True,,,,,0.247,0.037,True,-285759,3481.400005744815,True,9.5,3.7054014627297804,False
RmFtSTc1dDk5,698,145,12.7,0.131,0.026,fami75t99,FamI75t99,Fam2,income_and_benefits,economic,True,,0,,0,0,False,214732,3170,0.9,0.114,0.002,True,,,,,0.131,0.026,True,-214034,3173.314513249514,True,1.700000000000001,2.6076809620810595,False
RmFtSVUxMA==,68,52,46.1,0.013,0.01,famiu10,FamIU10,Fam2,income_and_benefits,economic,False,,0,,0,0,False,112405,2509,1.4,0.06,0.001,True,,,,,0.013,0.01,False,-112337,2509.5388022503257,True,-4.7,1.004987562112089,True
RmFtUHZV,5327,286,3.3,1,0,fampvu,FamPvU,FamPvU,income_in_past_12_months_is_below_the_poverty_level,economic,True,5894,315,3.2,1,0,True,1887978,7339,0.2,1,0,True,-567,425.46562728380303,False,-0.09619952494061758,0.06846706414760464,False,0,0,-1882651,7344.570579686739,True,0,0
RkYxMHQxMnA1,86,57,40.4,0.002,0.001,ff10t12p5,FF10t12p5,MdEFFTWrk,economic__special_variable,economic,False,238,0,,0,0,False,22815,0,,0,0,False,-152,57,False,-0.6386554621848739,0.23949579831932774,False,0.002,0.001,False,-22729,57,True,0.2,0.1,False
RkYxMnA1dDE1,73,44,36.7,0.002,0.001,ff12p5t15,FF12p5t15,MdEFFTWrk,economic__special_variable,economic,False,83,0,,0,0,False,23183,0,,0,0,False,-10,44,False,-0.12048192771084337,0.5301204819277108,False,0.002,0.001,False,-23110,44,True,0.2,0.1,False
RkYxNXQxN3A1,151,96,38.8,0.004,0.002,ff15t17p5,FF15t17p5,MdEFFTWrk,economic__special_variable,economic,False,240,0,,0,0,False,34778,0,,0,0,False,-89,96,False,-0.37083333333333335,0.39999999999999997,False,0.004,0.002,False,-34627,96,True,0.4,0.2,False
RkYxN3A1dDIw,62,58,56.5,0.002,0.001,ff17p5t20,FF17p5t20,MdEFFTWrk,economic__special_variable,economic,False,171,0,,0,0,False,33443,0,,0,0,False,-109,58,False,-0.6374269005847953,0.3391812865497076,False,0.002,0.001,False,-33381,58,True,0.2,0.1,False
RkYyMHQyMnA1,173,89,31.3,0.005,0.002,ff20t22p5,FF20t22p5,MdEFFTWrk,economic__special_variable,economic,False,186,0,,0,0,False,56003,0,,0,0,False,-13,89,False,-0.06989247311827956,0.47849462365591394,False,0.005,0.002,False,-55830,89,True,0.5,0.2,False
RkYyMnA1dDI1,179,80,27,0.005,0.002,ff22p5t25,FF22p5t25,MdEFFTWrk,economic__special_variable,economic,False,116,0,,0,0,False,32627,0,,0,0,False,63,80,False,0.5431034482758621,0.689655172413793,False,0.005,0.002,False,-32448,80,True,0.5,0.2,False
RkZUMTAwcGw=,247,87,21.4,0.006,0.002,fft100pl,FFT100pl,MdEFFTWrk,economic__special_variable,economic,False,223,0,,0,0,False,216925,0,,0,0,False,24,87,False,0.10762331838565023,0.3901345291479821,False,0.006,0.002,False,-216678,87,True,0.6,0.2,False
RkZUMjV0MzA=,542,170,19,0.014,0.004,fft25t30,FFT25t30,MdEFFTWrk,economic__special_variable,economic,True,324,0,,0,0,False,84078,0,,0,0,False,218,170,False,0.6728395061728395,0.5246913580246914,False,0.014,0.004,True,-83536,170,True,1.4000000000000001,0.4,True
RkZUMnA1dDU=,7,11,95.5,0,0,fft2p5t5,FFT2p5t5,MdEFFTWrk,economic__special_variable,economic,False,13,0,,0,0,False,2238,0,,0,0,False,-6,11,False,-0.46153846153846156,0.8461538461538463,False,0,0,-2231,11,True,0,0
RkZUMzB0MzU=,386,129,20.4,0.01,0.003,fft30t35,FFT30t35,MdEFFTWrk,economic__special_variable,economic,False,290,0,,0,0,False,89523,0,,0,0,False,96,129,False,0.3310344827586207,0.4448275862068966,False,0.01,0.003,True,-89137,129,True,1,0.3,True
RkZUMzV0NDA=,380,126,20.1,0.01,0.003,fft35t40,FFT35t40,MdEFFTWrk,economic__special_variable,economic,False,147,0,,0,0,False,89490,0,,0,0,False,233,126,False,1.5850340136054422,0.8571428571428572,False,0.01,0.003,True,-89110,126,True,1,0.3,True
RkZUNDB0NDU=,341,133,23.7,0.009,0.003,fft40t45,FFT40t45,MdEFFTWrk,economic__special_variable,economic,False,261,0,,0,0,False,94744,0,,0,0,False,80,133,False,0.3065134099616858,0.5095785440613027,False,0.009,0.003,False,-94403,133,True,0.8999999999999999,0.3,False
RkZUNDV0NTA=,179,69,23.6,0.005,0.002,fft45t50,FFT45t50,MdEFFTWrk,economic__special_variable,economic,False,215,0,,0,0,False,65731,0,,0,0,False,-36,69,False,-0.16744186046511628,0.32093023255813946,False,0.005,0.002,False,-65552,69,True,0.5,0.2,False
RkZUNTB0NTU=,202,96,28.8,0.005,0.002,fft50t55,FFT50t55,MdEFFTWrk,economic__special_variable,economic,False,187,0,,0,0,False,83393,0,,0,0,False,15,96,False,0.08021390374331551,0.5133689839572193,False,0.005,0.002,False,-83191,96,True,0.5,0.2,False
RkZUNTV0NjU=,401,142,21.5,0.01,0.004,fft55t65,FFT55t65,MdEFFTWrk,economic__special_variable,economic,False,177,0,,0,0,False,125371,0,,0,0,False,224,142,False,1.265536723163842,0.8022598870056497,False,0.01,0.004,False,-124970,142,True,1,0.4,False
RkZUNXQ3cDU=,6,13,131.7,0,0,fft5t7p5,FFT5t7p5,MdEFFTWrk,economic__special_variable,economic,False,94,0,,0,0,False,10332,0,,0,0,False,-88,13,True,-0.9361702127659575,0.13829787234042554,True,0,0,-10326,13,True,0,0
RkZUNjV0NzU=,181,84,28.2,0.005,0.002,fft65t75,FFT65t75,MdEFFTWrk,economic__special_variable,economic,False,217,0,,0,0,False,94257,0,,0,0,False,-36,84,False,-0.16589861751152074,0.38709677419354843,False,0.005,0.002,False,-94076,84,True,0.5,0.2,False
RkZUNzV0MTAw,288,98,20.6,0.007,0.002,fft75t100,FFT75t100,MdEFFTWrk,economic__special_variable,economic,False,254,0,,0,0,False,171740,0,,0,0,False,34,98,False,0.13385826771653545,0.3858267716535433,False,0.007,0.002,True,-171452,98,True,0.7000000000000001,0.2,True
RkZUN3A1dDEw,30,23,47,0.001,0.001,fft7p5t10,FFT7p5t10,MdEFFTWrk,economic__special_variable,economic,False,143,0,,0,0,False,10188,0,,0,0,False,-113,23,True,-0.7902097902097902,0.16083916083916083,True,0.001,0.001,False,-10158,23,True,0.1,0.1,False
RkZUVTJwdDVr,3,7,141.8,0,0,fftu2pt5k,FFTU2pt5k,MdEFFTWrk,economic__special_variable,economic,False,0,0,,0,0,False,1176,0,,0,0,False,3,7,False,0,,0,0,-1173,7,True,0,0
RkkxMDB0MTQ5,771,153,12.1,0.145,0.028,fi100t149,FI100t149,Fam2,income_and_benefits,economic,True,,0,,0,0,False,284755,4036,0.9,0.151,0.002,True,,,,,0.145,0.028,True,-283984,4038.8989836340297,True,-0.6000000000000014,2.8071337695236402,False
RkkxNTB0MTk5,411,112,16.6,0.077,0.021,fi150t199,FI150t199,Fam2,income_and_benefits,economic,True,,0,,0,0,False,148457,2767,1.1,0.079,0.001,True,,,,,0.077,0.021,True,-148046,2769.265787171755,True,-0.20000000000000018,2.1023796041628637,False
RklSRQ==,1112,209,11.4,0.087,0.015,fire,FIRE,CvEm16pl3,industry,economic,True,,0,,0,0,False,383827,4616,0.7,0.095,0.001,True,,,,,0.087,0.015,True,-382715,4620.72905503017,True,-0.8000000000000007,1.5033296378372907,False
Rldya0Vybg==,3917,400,6.2,0.102,0.015,fwrkern,FWrkErn,MdEFFTWrk,economic__special_variable,economic,True,3579,0,,0,0,False,1342035,5633,0.3,0,0,True,338,400,False,0.09443978765018161,0.11176306230790725,False,0.102,0.015,True,-1338118,5647.1841655819935,True,10.2,1.5,True
R3Z0V3Jrcg==,1097,185,10.3,0.086,0.013,gvtwrkr,GvtWrkr,CvEm16pl4,class_of_worker,economic,True,1186,230,11.8,0.093,0.017,True,531808,5765,0.7,0.131,0.001,True,-89,295.16944286290885,False,-0.07504215851602024,0.23771338125792466,False,-0.007000000000000006,0.0214009345590327,False,-530711,5767.967579659234,True,-4.500000000000002,1.3038404810405297,True
SEgy,7795,251,2,1,0,hh2,HH2,HH2,income_and_benefits,economic,True,8338,208,1.5,1,0,True,3154103,5930,0.1,1,0,True,-543,325.9831283977746,False,-0.06512353082273926,0.038080040877743346,False,0,0,-3146308,5935.309680210461,True,0,0
SEg1,7795,251,2,0.101,0.008,hh5,HH5,MnHHInc,economic__special_variable,economic,True,8338,208,,0,0,False,3154103,5930,0.1,0,0,True,-543,325.9831283977746,False,-0.06512353082273926,0.038080040877743346,False,0.101,0.008,True,-3146308,5935.309680210461,True,10.100000000000001,0.8,True
SEhJMTB0MTQ=,416,129,18.8,0.053,0.016,hhi10t14,HHI10t14,HH2,income_and_benefits,economic,True,,0,,0,0,False,196924,3003,0.9,0.062,0.001,True,,,,,0.053,0.016,True,-196508,3005.7694522368147,True,-0.9000000000000004,1.6031219541881399,False
SEhJMTV0MjQ=,798,161,12.3,0.102,0.02,hhi15t24,HHI15t24,HH2,income_and_benefits,economic,True,,0,,0,0,False,297771,4297,0.9,0.094,0.001,True,,,,,0.102,0.02,True,-296973,4300.0151162525,True,0.7999999999999989,2.0024984394500787,False
SEhJMjAwcGw=,331,91,16.7,0.042,0.012,hhi200pl,HHI200pl,HH2,income_and_benefits,economic,True,,0,,0,0,False,320979,4365,0.8,0.102,0.001,True,,,,,0.042,0.012,True,-320648,4365.948465110417,True,-5.999999999999999,1.2041594578792296,True
SEhJMjV0MzQ=,647,147,13.8,0.083,0.019,hhi25t34,HHI25t34,HH2,income_and_benefits,economic,True,,0,,0,0,False,258598,4053,1,0.082,0.001,True,,,,,0.083,0.019,True,-257951,4055.6649269879285,True,0.09999999999999964,1.9026297590440446,False
SEhJMzV0NDk=,1098,187,10.4,0.141,0.024,hhi35t49,HHI35t49,HH2,income_and_benefits,economic,True,,0,,0,0,False,332258,3673,0.7,0.105,0.001,True,,,,,0.141,0.024,True,-331160,3677.757196988404,True,3.599999999999998,2.4020824298928627,False
SEhJNTB0NzQ=,1676,228,8.3,0.215,0.028,hhi50t74,HHI50t74,HH2,income_and_benefits,economic,True,,0,,0,0,False,462374,4498,0.6,0.147,0.001,True,,,,,0.215,0.028,True,-460698,4503.774861158137,True,6.800000000000001,2.8017851452243803,False
SEhJNzV0OTk=,1013,171,10.3,0.13,0.022,hhi75t99,HHI75t99,HH2,income_and_benefits,economic,True,,0,,0,0,False,345558,4369,0.8,0.11,0.001,True,,,,,0.13,0.022,True,-344545,4372.345137337628,True,2,2.2022715545545237,False
SEhJVTEw,169,78,27.9,0.022,0.01,hhiu10,HHIU10,HH2,income_and_benefits,economic,False,,0,,0,0,False,277465,4118,0.9,0.088,0.001,True,,,,,0.022,0.01,False,-277296,4118.738641865978,True,-6.6,1.004987562112089,True
SEkxMDB0MTQ5,1092,185,10.3,0.14,0.023,hi100t149,HI100t149,HH2,income_and_benefits,economic,True,,0,,0,0,False,440162,4870,0.7,0.14,0.001,True,,,,,0.14,0.023,True,-439070,4873.512593602278,True,0,2.3021728866442674
SEkxNTB0MTk5,555,137,15,0.071,0.017,hi150t199,HI150t199,HH2,income_and_benefits,economic,True,,0,,0,0,False,222014,3241,0.9,0.07,0.001,True,,,,,0.071,0.017,True,-221459,3243.8942646146775,True,0.09999999999999876,1.7029386365926402,False
SElucw==,20719,1135,3.3,0.855,0.02,hins,HIns,CvNIPop2,health_insurance_coverage,economic,True,,0,,0,0,False,7672151,9602,0.1,0.916,0.001,True,,,,,0.855,0.02,True,-7651432,9668.848380236397,True,-6.1000000000000085,2.0024984394500787,True
SW5jX0NQYkE=,294,87,17.9,0.038,0.011,inc_cpba,Inc_CPbA,HH2,income_and_benefits,economic,True,184,92,30.5,0.022,0.011,False,137887,2654,1.2,0.044,0.001,True,110,126.62148316932637,False,0.5978260869565217,0.9283461420969625,False,0.016,0.015556349186104044,False,-137593,2655.4255779441455,True,-0.5999999999999996,1.104536101718726,False
SW5jX1J0cm10,935,168,10.9,0.12,0.021,inc_rtrmt,Inc_Rtrmt,HH2,income_and_benefits,economic,True,847,165,11.8,0.102,0.02,True,401837,4488,0.7,0.127,0.001,True,88,235.47611343828487,False,0.1038961038961039,0.2925505018271499,False,0.018000000000000002,0.029,False,-400902,4491.143284287421,True,-0.6999999999999993,2.1023796041628637,False
SW5jX1NOQVA=,929,158,10.3,0.119,0.02,inc_snap,Inc_SNAP,HH2,income_and_benefits,economic,True,626,155,15,0.075,0.018,True,624636,5512,0.5,0.198,0.002,True,303,221.33458834985552,False,0.4840255591054313,0.44578429128872804,False,0.044,0.02690724809414742,False,-623707,5514.264048810141,True,-7.900000000000002,2.009975124224178,True
SW5jX1NvU2Vj,1936,217,6.8,0.248,0.027,inc_sosec,Inc_SoSec,HH2,income_and_benefits,economic,True,1668,200,7.3,0.2,0.023,True,821385,4437,0.3,0.26,0.001,True,268,295.10845463998487,False,0.1606714628297362,0.19050728766231598,False,0.04799999999999999,0.0354682957019364,False,-819449,4442.303231432992,True,-1.1999999999999993,2.701851217221259,False
SW5jX1NwU2Vj,308,87,17.2,0.04,0.011,inc_spsec,Inc_SpSec,HH2,income_and_benefits,economic,True,153,68,27.2,0.018,0.008,False,249247,3354,0.8,0.079,0.001,True,155,110.42191811411355,False,1.0130718954248366,1.060105088647456,False,0.022000000000000002,0.013601470508735444,False,-248939,3355.128164467045,True,-3.9000000000000004,1.104536101718726,True
SW5mbw==,185,77,25.2,0.015,0.006,info,Info,CvEm16pl3,industry,economic,False,,0,,0,0,False,154804,3187,1.3,0.038,0.001,True,,,,,0.015,0.006,False,-154619,3187.9300494207837,True,-2.3,0.6082762530298219,True
TEY=,13178,839,3.9,0.649,0.026,lf,LF,Pop16pl,employment_status,economic,True,13357,791,3.6,0.629,0.025,True,4356776,10369,0.1,0.635,0.002,True,-179,1153.0836916720311,False,-0.013401212847196227,0.08578557657168674,False,0.020000000000000018,0.03606937759374287,False,-4343598,10402.88815666111,True,1.4000000000000057,2.6076809620810595,False
TEZBcm1kRg==,0,0,,0,0,lfarmdf,LFArmdF,Pop16pl,employment_status,economic,False,16,19,70.7,0.001,0.001,False,2302,421,11.1,0,0.001,True,-16,19,False,-1,0,True,-0.001,0.001,False,-2302,421,True,0,0.1
TWRFRkZUV3Jr,38427,4028,6.4,,,mdefftwrk,MdEFFTWrk,median,earnings,economic,True,38236,6760,10.7,,,True,51327,284,0.3,,,True,191,7869.077709617563,False,0.004995292394601946,0.20656202195289236,False,,,-12900,4037.9995047052694,True,,
TWRFTUZUV3Jr,38764,3993,6.3,,,mdemftwrk,MdEMFTWrk,median,earnings,economic,True,43106,5713,8.1,,,True,54127,221,0.2,,,True,-4342,6970.108894414778,False,-0.1007284368765369,0.1509486526666709,False,,,-15363,3999.111151243486,True,,
TWRFV3Jr,32201,2390,4.5,,,mdewrk,MdEWrk,median,earnings,economic,True,33820,2441,4.4,,,True,38845,255,0.4,,,True,-1619,3416.2232069933602,False,-0.047871082199881725,0.09857274740900415,False,,,-6644,2403.565060488274,False,,
bWRGYW0=,5327,286,3.3,0.083,0.01,mdfam,mdFam,MdFamInc,economic__special_variable,economic,True,5894,0,,0,0,False,1887978,7339,0.2,0,0,True,-567,286,False,-0.09619952494061758,0.0485239226331863,False,0.083,0.01,True,-1882651,7344.570579686739,True,8.3,1,True
bWRGYW1JMTB0MTQ=,225,100,26.9,0.004,0.002,mdfami10t14,mdFamI10t14,MdFamInc,economic__special_variable,economic,False,236,0,,0,0,False,77738,0,,0,0,False,-11,100,False,-0.046610169491525424,0.423728813559322,False,0.004,0.002,False,-77513,100,True,0.4,0.2,False
bWRGYW1JMTV0MTk=,277,103,22.6,0.004,0.002,mdfami15t19,mdFamI15t19,MdFamInc,economic__special_variable,economic,False,265,0,,0,0,False,84551,0,,0,0,False,12,103,False,0.045283018867924525,0.38867924528301884,False,0.004,0.002,False,-84274,103,True,0.4,0.2,False
bWRGYW1JMjAwcGw=,259,79,18.7,0.004,0.001,mdfami200pl,mdFamI200pl,MdFamInc,economic__special_variable,economic,True,216,0,,0,0,False,222929,0,,0,0,False,43,79,False,0.19907407407407407,0.36574074074074076,False,0.004,0.001,True,-222670,79,True,0.4,0.1,True
bWRGYW1JMjB0MjQ=,180,78,26.3,0.003,0.001,mdfami20t24,mdFamI20t24,MdFamInc,economic__special_variable,economic,False,234,0,,0,0,False,83811,0,,0,0,False,-54,78,False,-0.23076923076923078,0.33333333333333337,False,0.003,0.001,False,-83631,78,True,0.3,0.1,False
bWRGYW1JMjV0Mjk=,113,58,31.2,0.002,0.001,mdfami25t29,mdFamI25t29,MdFamInc,economic__special_variable,economic,False,463,0,,0,0,False,80705,0,,0,0,False,-350,58,True,-0.755939524838013,0.12526997840172788,True,0.002,0.001,False,-80592,58,True,0.2,0.1,False
bWRGYW1JMzB0MzQ=,234,79,20.4,0.004,0.001,mdfami30t34,mdFamI30t34,MdFamInc,economic__special_variable,economic,False,457,0,,0,0,False,79928,0,,0,0,False,-223,79,False,-0.487964989059081,0.1728665207877462,False,0.004,0.001,True,-79694,79,True,0.4,0.1,True
bWRGYW1JMzV0Mzk=,256,103,24.4,0.004,0.002,mdfami35t39,mdFamI35t39,MdFamInc,economic__special_variable,economic,False,267,0,,0,0,False,74610,0,,0,0,False,-11,103,False,-0.04119850187265917,0.3857677902621723,False,0.004,0.002,False,-74354,103,True,0.4,0.2,False
bWRGYW1JNDB0NDQ=,288,99,21,0.004,0.001,mdfami40t44,mdFamI40t44,MdFamInc,economic__special_variable,economic,False,340,0,,0,0,False,73356,0,,0,0,False,-52,99,False,-0.15294117647058825,0.2911764705882353,False,0.004,0.001,True,-73068,99,True,0.4,0.1,True
bWRGYW1JNDV0NDk=,232,99,26,0.004,0.002,mdfami45t49,mdFamI45t49,MdFamInc,economic__special_variable,economic,False,423,0,,0,0,False,62927,0,,0,0,False,-191,99,False,-0.4515366430260047,0.23404255319148937,False,0.004,0.002,False,-62695,99,True,0.4,0.2,False
bWRGYW1JNTB0NTk=,593,143,14.7,0.009,0.002,mdfami50t59,mdFamI50t59,MdFamInc,economic__special_variable,economic,True,372,0,,0,0,False,125090,0,,0,0,False,221,143,False,0.5940860215053764,0.38440860215053757,False,0.009,0.002,True,-124497,143,True,0.8999999999999999,0.2,True
bWRGYW1JNjB0NzQ=,722,167,14.1,0.011,0.002,mdfami60t74,mdFamI60t74,MdFamInc,economic__special_variable,economic,True,622,0,,0,0,False,161984,0,,0,0,False,100,167,False,0.1607717041800643,0.2684887459807074,False,0.011,0.002,True,-161262,167,True,1.0999999999999999,0.2,True
bWRGYW1JNzV0OTk=,698,145,12.7,0.011,0.002,mdfami75t99,mdFamI75t99,MdFamInc,economic__special_variable,economic,True,923,0,,0,0,False,214732,0,,0,0,False,-225,145,False,-0.2437703141928494,0.15709642470205853,False,0.011,0.002,True,-214034,145,True,1.0999999999999999,0.2,True
TWRGYW1JbmM=,64103,6812,6.5,,,mdfaminc,MdFamInc,median,income_and_benefits,economic,True,60626,9055,9.1,,,True,68004,485,0.4,,,True,3477,11331.212159341118,False,0.05735163131329792,0.1938171521084765,False,,,-3901,6829.243662368476,False,,
bWRGYW1JVTEw,68,52,46.1,0.001,0.001,mdfamiu10,mdFamIU10,MdFamInc,economic__special_variable,economic,False,168,0,,0,0,False,112405,0,,0,0,False,-100,52,False,-0.5952380952380952,0.3095238095238096,False,0.001,0.001,False,-112337,52,True,0.1,0.1,False
bWRGSTEwMHQxMjQ=,484,124,15.5,0.008,0.002,mdfi100t124,mdFI100t124,MdFamInc,economic__special_variable,economic,True,344,0,,0,0,False,164569,0,,0,0,False,140,124,False,0.4069767441860465,0.3604651162790698,False,0.008,0.002,True,-164085,124,True,0.8,0.2,True
bWRGSTEyNXQxNDk=,287,97,20.5,0.004,0.001,mdfi125t149,mdFI125t149,MdFamInc,economic__special_variable,economic,False,254,0,,0,0,False,120186,0,,0,0,False,33,97,False,0.12992125984251968,0.3818897637795275,False,0.004,0.001,True,-119899,97,True,0.4,0.1,True
bWRGSTE1MHQxOTk=,411,112,16.6,0.006,0.002,mdfi150t199,mdFI150t199,MdFamInc,economic__special_variable,economic,True,310,0,,0,0,False,148457,0,,0,0,False,101,112,False,0.3258064516129032,0.3612903225806452,False,0.006,0.002,False,-148046,112,True,0.6,0.2,False
bWRISA==,7795,251,2,0.127,0.013,mdhh,mdHH,MdHHInc,economic__special_variable,economic,True,8338,208,,0,0,False,3154103,5930,0.1,0,0,True,-543,325.9831283977746,False,-0.06512353082273926,0.038080040877743346,False,0.127,0.013,True,-3146308,5935.309680210461,True,12.7,1.3,True
bWRISEkxMHQxNA==,416,129,18.8,0.007,0.002,mdhhi10t14,mdHHI10t14,MdHHInc,economic__special_variable,economic,True,381,0,,0,0,False,196924,0,,0,0,False,35,129,False,0.09186351706036745,0.3385826771653544,False,0.007,0.002,True,-196508,129,True,0.7000000000000001,0.2,True
bWRISEkxNXQxOQ==,448,129,17.4,0.007,0.002,mdhhi15t19,mdHHI15t19,MdHHInc,economic__special_variable,economic,True,381,0,,0,0,False,153690,0,,0,0,False,67,129,False,0.17585301837270342,0.33858267716535434,False,0.007,0.002,True,-153242,129,True,0.7000000000000001,0.2,True
bWRISEkyMDBwbA==,331,91,16.7,0.005,0.001,mdhhi200pl,mdHHI200pl,MdHHInc,economic__special_variable,economic,True,279,0,,0,0,False,320979,0,,0,0,False,52,91,False,0.1863799283154122,0.32616487455197135,False,0.005,0.001,True,-320648,91,True,0.5,0.1,True
bWRISEkyMHQyNA==,350,113,19.6,0.006,0.002,mdhhi20t24,mdHHI20t24,MdHHInc,economic__special_variable,economic,True,373,0,,0,0,False,144081,0,,0,0,False,-23,113,False,-0.06166219839142091,0.30294906166219837,False,0.006,0.002,False,-143731,113,True,0.6,0.2,False
bWRISEkyNXQyOQ==,214,85,24.2,0.003,0.001,mdhhi25t29,mdHHI25t29,MdHHInc,economic__special_variable,economic,False,559,0,,0,0,False,130669,0,,0,0,False,-345,85,True,-0.6171735241502684,0.1520572450805009,True,0.003,0.001,False,-130455,85,True,0.3,0.1,False
bWRISEkzMHQzNA==,433,120,16.8,0.007,0.002,mdhhi30t34,mdHHI30t34,MdHHInc,economic__special_variable,economic,True,553,0,,0,0,False,127929,0,,0,0,False,-120,120,False,-0.21699819168173598,0.21699819168173598,False,0.007,0.002,True,-127496,120,True,0.7000000000000001,0.2,True
bWRISEkzNXQzOQ==,378,120,19.3,0.006,0.002,mdhhi35t39,mdHHI35t39,MdHHInc,economic__special_variable,economic,True,440,0,,0,0,False,117013,0,,0,0,False,-62,120,False,-0.1409090909090909,0.27272727272727276,False,0.006,0.002,False,-116635,120,True,0.6,0.2,False
bWRISEk0MHQ0NA==,397,105,16.1,0.006,0.002,mdhhi40t44,mdHHI40t44,MdHHInc,economic__special_variable,economic,True,593,0,,0,0,False,118136,0,,0,0,False,-196,105,False,-0.3305227655986509,0.1770657672849916,False,0.006,0.002,False,-117739,105,True,0.6,0.2,False
bWRISEk0NXQ0OQ==,323,112,21.1,0.005,0.002,mdhhi45t49,mdHHI45t49,MdHHInc,economic__special_variable,economic,False,486,0,,0,0,False,97109,0,,0,0,False,-163,112,False,-0.33539094650205764,0.23045267489711935,False,0.005,0.002,False,-96786,112,True,0.5,0.2,False
bWRISEk1MHQ1OQ==,678,150,13.4,0.011,0.002,mdhhi50t59,mdHHI50t59,MdHHInc,economic__special_variable,economic,True,594,0,,0,0,False,200625,0,,0,0,False,84,150,False,0.1414141414141414,0.25252525252525254,False,0.011,0.002,True,-199947,150,True,1.0999999999999999,0.2,True
bWRISEk2MHQ3NA==,998,197,12,0.016,0.003,mdhhi60t74,mdHHI60t74,MdHHInc,economic__special_variable,economic,True,816,0,,0,0,False,261749,0,,0,0,False,182,197,False,0.22303921568627452,0.24142156862745098,False,0.016,0.003,True,-260751,197,True,1.6,0.3,True
bWRISEk3NXQ5OQ==,1013,171,10.3,0.017,0.002,mdhhi75t99,mdHHI75t99,MdHHInc,economic__special_variable,economic,True,1157,0,,0,0,False,345558,0,,0,0,False,-144,171,False,-0.12445980985306827,0.14779602420051857,False,0.017,0.002,True,-344545,171,True,1.7000000000000002,0.2,True
TWRISEluYw==,61375,5933,5.9,,,mdhhinc,MdHHInc,median,income_and_benefits,economic,True,56533,5813,6.2,,,True,60762,379,0.4,,,True,4842,8306.109679025434,False,0.08564908991208675,0.15321761701309086,False,,,613,5945.092934513304,False,,
bWRISElVMTA=,169,78,27.9,0.003,0.001,mdhhiu10,mdHHIU10,MdHHInc,economic__special_variable,economic,False,502,0,,0,0,False,277465,0,,0,0,False,-333,78,True,-0.6633466135458167,0.1553784860557769,True,0.003,0.001,False,-277296,78,True,0.3,0.1,False
bWRISTEwMHQxMjQ=,717,149,12.7,0.012,0.002,mdhi100t124,mdHI100t124,MdHHInc,economic__special_variable,economic,True,495,0,,0,0,False,257611,0,,0,0,False,222,149,False,0.4484848484848485,0.301010101010101,False,0.012,0.002,True,-256894,149,True,1.2,0.2,True
bWRISTEyNXQxNDk=,375,112,18.2,0.006,0.002,mdhi125t149,mdHI125t149,MdHHInc,economic__special_variable,economic,True,334,0,,0,0,False,182551,0,,0,0,False,41,112,False,0.12275449101796407,0.33532934131736525,False,0.006,0.002,False,-182176,112,True,0.6,0.2,False
bWRISTE1MHQxOTk=,555,137,15,0.009,0.002,mdhi150t199,mdHI150t199,MdHHInc,economic__special_variable,economic,True,395,0,,0,0,False,222014,0,,0,0,False,160,137,False,0.4050632911392405,0.34683544303797464,False,0.009,0.002,True,-221459,137,True,0.8999999999999999,0.2,True
TWRORkluYw==,42269,8119,11.7,,,mdnfinc,MdNFInc,median,income_and_benefits,economic,True,44692,8181,11.1,,,True,45515,682,0.9,,,True,-2423,11525.923910906231,False,-0.05421551955607268,0.25095000740585144,False,,,-3246,8147.593816581679,False,,
TUYxMHQxMnA1,99,59,36.2,0.003,0.001,mf10t12p5,MF10t12p5,MdEMFTWrk,economic__special_variable,economic,False,208,0,,0,0,False,22057,0,,0,0,False,-109,59,False,-0.5240384615384616,0.2836538461538462,False,0.003,0.001,False,-21958,59,True,0.3,0.1,False
TUYxMnA1dDE1,104,71,41.7,0.003,0.002,mf12p5t15,MF12p5t15,MdEMFTWrk,economic__special_variable,economic,False,91,0,,0,0,False,25036,0,,0,0,False,13,71,False,0.14285714285714285,0.7802197802197802,False,0.003,0.002,False,-24932,71,True,0.3,0.2,False
TUYxNXQxN3A1,118,65,33.5,0.003,0.002,mf15t17p5,MF15t17p5,MdEMFTWrk,economic__special_variable,economic,False,327,0,,0,0,False,41647,0,,0,0,False,-209,65,True,-0.6391437308868502,0.19877675840978595,True,0.003,0.002,False,-41529,65,True,0.3,0.2,False
TUYxN3A1dDIw,254,116,27.7,0.007,0.003,mf17p5t20,MF17p5t20,MdEMFTWrk,economic__special_variable,economic,False,150,0,,0,0,False,37001,0,,0,0,False,104,116,False,0.6933333333333334,0.7733333333333333,False,0.007,0.003,False,-36747,116,True,0.7000000000000001,0.3,False
TUYyMHQyMnA1,331,123,22.7,0.009,0.003,mf20t22p5,MF20t22p5,MdEMFTWrk,economic__special_variable,economic,False,361,0,,0,0,False,63320,0,,0,0,False,-30,123,False,-0.08310249307479224,0.3407202216066483,False,0.009,0.003,False,-62989,123,True,0.8999999999999999,0.3,False
TUYyMnA1dDI1,179,87,29.5,0.005,0.002,mf22p5t25,MF22p5t25,MdEMFTWrk,economic__special_variable,economic,False,186,0,,0,0,False,38980,0,,0,0,False,-7,87,False,-0.03763440860215054,0.467741935483871,False,0.005,0.002,False,-38801,87,True,0.5,0.2,False
TUZUMTAwcGw=,376,108,17.4,0.01,0.003,mft100pl,MFT100pl,MdEMFTWrk,economic__special_variable,economic,True,290,0,,0,0,False,363256,0,,0,0,False,86,108,False,0.296551724137931,0.3724137931034483,False,0.01,0.003,True,-362880,108,True,1,0.3,True
TUZUMjV0MzA=,615,186,18.4,0.016,0.005,mft25t30,MFT25t30,MdEMFTWrk,economic__special_variable,economic,True,759,0,,0,0,False,103385,0,,0,0,False,-144,186,False,-0.18972332015810275,0.24505928853754938,False,0.016,0.005,True,-102770,186,True,1.6,0.5,True
TUZUMnA1dDU=,0,0,,0,0,mft2p5t5,MFT2p5t5,MdEMFTWrk,economic__special_variable,economic,False,0,0,,0,0,False,1891,0,,0,0,False,0,0,0,,,,-1891,0,True,0,0
TUZUMzB0MzU=,646,182,17.2,0.017,0.004,mft30t35,MFT30t35,MdEMFTWrk,economic__special_variable,economic,True,624,0,,0,0,False,106658,0,,0,0,False,22,182,False,0.035256410256410256,0.29166666666666674,False,0.017,0.004,True,-106012,182,True,1.7000000000000002,0.4,True
TUZUMzV0NDA=,411,119,17.6,0.011,0.003,mft35t40,MFT35t40,MdEMFTWrk,economic__special_variable,economic,True,330,0,,0,0,False,88552,0,,0,0,False,81,119,False,0.24545454545454545,0.36060606060606054,False,0.011,0.003,True,-88141,119,True,1.0999999999999999,0.3,True
TUZUNDB0NDU=,613,168,16.7,0.016,0.004,mft40t45,MFT40t45,MdEMFTWrk,economic__special_variable,economic,True,510,0,,0,0,False,99614,0,,0,0,False,103,168,False,0.2019607843137255,0.32941176470588235,False,0.016,0.004,True,-99001,168,True,1.6,0.4,True
TUZUNDV0NTA=,298,106,21.7,0.008,0.003,mft45t50,MFT45t50,MdEMFTWrk,economic__special_variable,economic,False,394,0,,0,0,False,67213,0,,0,0,False,-96,106,False,-0.2436548223350254,0.2690355329949239,False,0.008,0.003,False,-66915,106,True,0.8,0.3,False
TUZUNTB0NTU=,249,102,24.9,0.006,0.003,mft50t55,MFT50t55,MdEMFTWrk,economic__special_variable,economic,False,389,0,,0,0,False,98002,0,,0,0,False,-140,102,False,-0.35989717223650386,0.2622107969151671,False,0.006,0.003,False,-97753,102,True,0.6,0.3,False
TUZUNTV0NjU=,479,161,20.5,0.012,0.004,mft55t65,MFT55t65,MdEMFTWrk,economic__special_variable,economic,False,507,0,,0,0,False,133527,0,,0,0,False,-28,161,False,-0.055226824457593686,0.3175542406311637,False,0.012,0.004,False,-133048,161,True,1.2,0.4,False
TUZUNXQ3cDU=,98,110,68.4,0.003,0.003,mft5t7p5,MFT5t7p5,MdEMFTWrk,economic__special_variable,economic,False,0,0,,0,0,False,9728,0,,0,0,False,98,110,False,0,,0.003,0.003,False,-9630,110,True,0.3,0.3,False
TUZUNjV0NzU=,337,126,22.8,0.009,0.003,mft65t75,MFT65t75,MdEMFTWrk,economic__special_variable,economic,False,297,0,,0,0,False,104166,0,,0,0,False,40,126,False,0.13468013468013468,0.42424242424242425,False,0.009,0.003,False,-103829,126,True,0.8999999999999999,0.3,False
TUZUNzV0MTAw,363,107,17.9,0.009,0.003,mft75t100,MFT75t100,MdEMFTWrk,economic__special_variable,economic,True,367,0,,0,0,False,177860,0,,0,0,False,-4,107,False,-0.010899182561307902,0.2915531335149863,False,0.009,0.003,False,-177497,107,True,0.8999999999999999,0.3,False
TUZUN3A1dDEw,63,60,57.6,0.002,0.002,mft7p5t10,MFT7p5t10,MdEMFTWrk,economic__special_variable,economic,False,68,0,,0,0,False,10596,0,,0,0,False,-5,60,False,-0.07352941176470588,0.8823529411764708,False,0.002,0.002,False,-10533,60,True,0.2,0.2,False
TUZUVTJwdDVr,0,0,,0,0,mftu2pt5k,MFTU2pt5k,MdEMFTWrk,economic__special_variable,economic,False,0,0,,0,0,False,2252,0,,0,0,False,0,0,0,,,,-2252,0,True,0,0
TWdCU2NpQXJ0,3500,376,6.5,0.275,0.024,mgbsciart,MgBSciArt,CvEm16pl2,occupation,economic,True,3084,413,8.1,0.243,0.029,True,1673223,10141,0.4,0.413,0.002,True,416,558.5203666832572,False,0.13488975356679636,0.19483997507285952,False,0.03200000000000003,0.037643060449437424,False,-1669723,10147.968121747328,True,-13.799999999999994,2.4083189157584592,True
TW5mY3Rybmc=,371,118,19.4,0.029,0.009,mnfctrng,Mnfctrng,CvEm16pl3,industry,economic,True,,0,,0,0,False,133626,2719,1.2,0.033,0.001,True,,,,,0.029,0.009,True,-133255,2721.5592956979644,True,-0.3999999999999999,0.9055385138137416,False
TW5ISEluYw==,77369,5567,4.4,,,mnhhinc,MnHHInc,mean,income_and_benefits,economic,True,75898,5482,4.4,,,True,97647,682,0.4,,,True,1471,7813.0540123565,False,0.019381274868903002,0.10392850827598274,False,,,-20278,5608.619527120733,True,,
TW5UcnZUbQ==,40.5,4.3,6.4,,,mntrvtm,MnTrvTm,mean,commute_to_work,economic,True,40.5,4.2,6.3,,,True,41.2,0.1,0.1,,,True,0,6.010823570859487,0,0.14841539681134538,,,-0.7000000000000028,4.301162633521313,False,,
TVdya0Vybg==,5633,531,5.7,0.145,0.02,mwrkern,MWrkErn,MdEMFTWrk,economic__special_variable,economic,True,5858,0,,0,0,False,1594741,6501,0.2,0,0,True,-225,531,False,-0.03840901331512461,0.09064527142369408,False,0.145,0.02,True,-1589108,6522.64992161928,True,14.499999999999998,2,True
TkYxMDB0MTI0,176,88,30.5,0.004,0.002,nf100t124,NF100t124,MdNFInc,economic__special_variable,economic,False,113,0,,0,0,False,87790,0,,0,0,False,63,88,False,0.5575221238938053,0.7787610619469025,False,0.004,0.002,False,-87614,88,True,0.4,0.2,False
TkYxMjV0MTQ5,90,61,41.1,0.002,0.001,nf125t149,NF125t149,MdNFInc,economic__special_variable,economic,False,34,0,,0,0,False,57550,0,,0,0,False,56,61,False,1.6470588235294117,1.7941176470588234,False,0.002,0.001,False,-57460,61,True,0.2,0.1,False
TkYxNTB0MTk5,102,64,38.2,0.002,0.001,nf150t199,NF150t199,MdNFInc,economic__special_variable,economic,False,30,0,,0,0,False,66764,0,,0,0,False,72,64,False,2.4,2.1333333333333333,False,0.002,0.001,False,-66662,64,True,0.2,0.1,False
TkZhbQ==,2468,247,6.1,0.058,0.013,nfam,NFam,MdNFInc,economic__special_variable,economic,True,2444,0,,0,0,False,1266125,5924,0.3,0,0,True,24,247,False,0.009819967266775777,0.10106382978723405,False,0.058,0.013,True,-1263657,5929.147071881419,True,5.800000000000001,1.3,True
TmZhbTI=,2468,247,6.1,1,0,nfam2,Nfam2,Nfam2,income_and_benefits,economic,True,2444,278,6.9,1,0,True,1266125,5924,0.3,1,0,True,24,371.87766805765574,False,0.009819967266775777,0.15299626028484564,False,0,0,-1263657,5929.147071881419,True,0,0
TkZJMjAwcGw=,29,27,56.6,0.001,0.001,nfi200pl,NFI200pl,MdNFInc,economic__special_variable,economic,False,32,0,,0,0,False,88242,0,,0,0,False,-3,27,False,-0.09375,0.84375,False,0.001,0.001,False,-88213,27,True,0.1,0.1,False
TkZtSTEwdDE0,231,95,24.9,0.005,0.002,nfmi10t14,NFmI10t14,MdNFInc,economic__special_variable,economic,False,178,0,,0,0,False,123698,0,,0,0,False,53,95,False,0.29775280898876405,0.5337078651685393,False,0.005,0.002,False,-123467,95,True,0.5,0.2,False
TkZtSTE1dDE5,211,79,22.9,0.005,0.002,nfmi15t19,NFmI15t19,MdNFInc,economic__special_variable,economic,False,135,0,,0,0,False,73560,0,,0,0,False,76,79,False,0.562962962962963,0.5851851851851851,False,0.005,0.002,False,-73349,79,True,0.5,0.2,False
TkZtSTIwdDI0,181,87,29.2,0.004,0.002,nfmi20t24,NFmI20t24,MdNFInc,economic__special_variable,economic,False,147,0,,0,0,False,63421,0,,0,0,False,34,87,False,0.23129251700680273,0.5918367346938775,False,0.004,0.002,False,-63240,87,True,0.4,0.2,False
TkZtSTI1dDI5,100,59,35.8,0.002,0.001,nfmi25t29,NFmI25t29,MdNFInc,economic__special_variable,economic,False,160,0,,0,0,False,52665,0,,0,0,False,-60,59,False,-0.375,0.36875,False,0.002,0.001,False,-52565,59,True,0.2,0.1,False
TkZtSTMwdDM0,193,81,25.5,0.005,0.002,nfmi30t34,NFmI30t34,MdNFInc,economic__special_variable,economic,False,132,0,,0,0,False,49935,0,,0,0,False,61,81,False,0.4621212121212121,0.6136363636363635,False,0.005,0.002,False,-49742,81,True,0.5,0.2,False
TkZtSTM1dDM5,148,75,30.8,0.004,0.002,nfmi35t39,NFmI35t39,MdNFInc,economic__special_variable,economic,False,137,0,,0,0,False,43983,0,,0,0,False,11,75,False,0.08029197080291971,0.5474452554744526,False,0.004,0.002,False,-43835,75,True,0.4,0.2,False
TkZtSTQwdDQ0,152,71,28.5,0.004,0.002,nfmi40t44,NFmI40t44,MdNFInc,economic__special_variable,economic,False,212,0,,0,0,False,47018,0,,0,0,False,-60,71,False,-0.2830188679245283,0.3349056603773585,False,0.004,0.002,False,-46866,71,True,0.4,0.2,False
TkZtSTQ1dDQ5,101,48,29.1,0.002,0.001,nfmi45t49,NFmI45t49,MdNFInc,economic__special_variable,economic,False,89,0,,0,0,False,35258,0,,0,0,False,12,48,False,0.1348314606741573,0.5393258426966293,False,0.002,0.001,False,-35157,48,True,0.2,0.1,False
TkZtSTUwdDU5,120,58,29.4,0.003,0.001,nfmi50t59,NFmI50t59,MdNFInc,economic__special_variable,economic,False,250,0,,0,0,False,76129,0,,0,0,False,-130,58,False,-0.52,0.232,False,0.003,0.001,False,-76009,58,True,0.3,0.1,False
TkZtSTYwdDc0,285,98,20.9,0.007,0.002,nfmi60t74,NFmI60t74,MdNFInc,economic__special_variable,economic,False,207,0,,0,0,False,99898,0,,0,0,False,78,98,False,0.37681159420289856,0.47342995169082125,False,0.007,0.002,True,-99613,98,True,0.7000000000000001,0.2,True
TkZtSTc1dDk5,248,84,20.7,0.006,0.002,nfmi75t99,NFmI75t99,MdNFInc,economic__special_variable,economic,False,220,0,,0,0,False,124990,0,,0,0,False,28,84,False,0.12727272727272726,0.3818181818181818,False,0.006,0.002,False,-124742,84,True,0.6,0.2,False
TkZtSVUxMA==,101,58,34.9,0.002,0.001,nfmiu10,NFmIU10,MdNFInc,economic__special_variable,economic,False,368,0,,0,0,False,175224,0,,0,0,False,-267,58,True,-0.7255434782608695,0.1576086956521739,True,0.002,0.001,False,-175123,58,True,0.2,0.1,False
TkhJbnM=,3515,603,10.4,0.145,0.024,nhins,NHIns,CvNIPop2,health_insurance_coverage,economic,True,,0,,0,0,False,707744,9386,0.8,0.084,0.001,True,,,,,0.145,0.024,True,-704229,9405.349807423432,True,6.099999999999998,2.4020824298928627,False
TkxGMQ==,7140,516,4.4,0.351,0.019,nlf1,NLF1,Pop16pl,employment_status,economic,True,7877,613,4.7,0.371,0.024,True,2503584,10436,0.3,0.365,0.002,True,-737,801.2646254515421,False,-0.09356353941856037,0.09626586401912242,False,-0.020000000000000018,0.030610455730027936,False,-2496444,10448.748824620105,True,-1.4000000000000057,1.91049731745428,False
TkxGMg==,3343,349,6.3,1,0,nlf2,NLF2,NLF2,health_insurance_coverage,economic,True,,0,,0,0,False,1267386,10004,0.5,1,0,True,,,,,1,0,True,-1264043,10010.08576386836,True,0,0
TkxGSElucw==,2768,331,7.3,0.828,0.048,nlfhins,NLFHIns,NLF2,health_insurance_coverage,economic,True,,0,,0,0,False,1108889,8357,0.5,0.875,0.003,True,,,,,0.828,0.048,True,-1106121,8363.552474875733,True,-4.700000000000003,4.809365862564419,False
TkxGTkhJbnM=,575,155,16.4,0.172,0.043,nlfnhins,NLFNHIns,NLF2,health_insurance_coverage,economic,True,,0,,0,0,False,158497,3812,1.5,0.125,0.003,True,,,,,0.172,0.043,True,-157922,3815.149931523006,True,4.699999999999999,4.310452412450461,False
TkxGUGJISW5z,1396,225,9.8,0.418,0.051,nlfpbhins,NLFPbHIns,NLF2,health_insurance_coverage,economic,True,,0,,0,0,False,672918,7068,0.6,0.531,0.004,True,,,,,0.418,0.051,True,-671522,7071.5803749939805,True,-11.300000000000004,5.115662224971465,False
TkxGUHZISW5z,1517,266,10.7,0.454,0.064,nlfpvhins,NLFPvHIns,NLF2,health_insurance_coverage,economic,True,,0,,0,0,False,514091,6051,0.7,0.406,0.004,True,,,,,0.454,0.064,True,-512574,6056.843815057476,True,4.799999999999997,6.412487816752559,False
TlJDbnN0TW50,899,255,17.3,0.071,0.02,nrcnstmnt,NRCnstMnt,CvEm16pl2,occupation,economic,True,1157,288,15.1,0.091,0.022,True,245935,3997,1,0.061,0.001,True,-258,384.66738879192764,False,-0.222990492653414,0.293229683726232,False,-0.020000000000000004,0.02973213749463701,False,-245036,4005.125965559635,True,1,2.0024984394500787,False
T0M2dDE3UExG,2005,309,9.4,0.63,0.052,oc6t17plf,OC6t17PLF,OCh6t17,employment_status,economic,True,1893,388,12.5,0.645,0.084,True,708828,5943,0.5,0.669,0.005,True,112,496.0090724976711,False,0.05916534601162177,0.2716140015088954,False,-0.015000000000000013,0.09879271228182776,False,-706823,5951.02764234884,True,-3.9000000000000057,5.223983154643591,False
T0NoNnQxNw==,3183,413,7.9,1,0,och6t17,OCh6t17,OCh6t17,employment_status,economic,True,2933,465,9.6,1,0,True,1060266,2788,0.2,1,0,True,250,621.9276485251319,False,0.08523695874531197,0.22232979854255192,False,0,0,-1057083,2818.4238503106662,True,0,0
T0NoVTY=,1153,252,13.3,1,0,ochu6,OChU6,OChU6,employment_status,economic,True,1563,295,11.5,1,0,True,619948,2582,0.3,1,0,True,-410,387.98066962156764,False,-0.26231605886116444,0.21302497662670739,False,0,0,-618795,2594.268297613028,True,0,0
T0NoVTZQTEY=,664,179,16.4,0.576,0.092,ochu6plf,OChU6PLF,OChU6,employment_status,economic,True,670,175,15.9,0.429,0.077,True,391319,4009,0.6,0.631,0.006,True,-6,250.33177984426987,False,-0.008955223880597015,0.37199811648092346,False,0.14699999999999996,0.11997082978791136,False,-390655,4012.994144027624,True,-5.500000000000007,9.219544457292887,False
T3Robm90UEE=,1073,223,12.6,0.084,0.017,othnotpa,OthnotPA,CvEm16pl3,industry,economic,True,,0,,0,0,False,218455,3403,0.9,0.054,0.001,True,,,,,0.084,0.017,True,-217382,3410.298813887135,True,3,1.7029386365926402,False
UDY1cGxCd1B2,311,122,23.8,0.09,0.034,p65plbwpv,P65plBwPv,P65plPvU,income_in_past_12_months_is_below_the_poverty_level,economic,False,422,147,21.1,0.151,0.05,False,211852,3405,1,0.183,0.003,True,-111,191.03141102970474,False,-0.26303317535545023,0.38662851112607033,False,-0.061,0.0604648658313239,False,-211541,3407.184908395786,True,-9.3,3.4132096331752027,False
UDY1cGxQdlU=,3458,383,6.7,1,0,p65plpvu,P65plPvU,P65plPvU,income_in_past_12_months_is_below_the_poverty_level,economic,True,2792,326,7.1,1,0,True,1154990,1054,0.1,1,0,True,666,502.9562605237159,False,0.23853868194842406,0.19932650038198665,False,0,0,-1151532,1121.429890809051,True,0,0
UGJISW5z,10816,892,5,0.446,0.029,pbhins,PbHIns,CvNIPop2,health_insurance_coverage,economic,True,,0,,0,0,False,3582878,13654,0.2,0.428,0.002,True,,,,,0.446,0.029,True,-3572062,13683.105641629754,True,1.8000000000000043,2.906888370749727,False
UEJ3UHY=,3125,580,11.3,0.129,0.023,pbwpv,PBwPv,PopPvU1,income_in_past_12_months_is_below_the_poverty_level,economic,True,3370,682,12.3,0.133,0.026,True,1570754,14520,0.6,0.189,0.002,True,-245,895.278727548019,False,-0.07270029673590504,0.25463209200939,False,-0.0040000000000000036,0.03471310991541956,False,-1567629,14531.579404868557,True,-5.999999999999998,2.308679276123039,False
UGVyQ2FwSW5j,26317,2154,5,,,percapinc,PerCapInc,mean,income_and_benefits,economic,True,25901,2111,5,,,True,37693,250,0.4,,,True,416,3015.963693415423,False,0.0160611559399251,0.11736194551933751,False,,,-11376,2168.45936092886,True,,
UG9wMTZwbA==,20318,995,3,1,0,pop16pl,Pop16pl,Pop16pl,employment_status,economic,True,21234,921,2.6,1,0,True,6860360,1728,0,1,0,True,-916,1355.8266850892117,False,-0.04313836300273147,0.06259574377424937,False,0,0,-6840042,1993.9932296775735,True,0,0
UG9wXzY=,24234,1205,3,0.921,0.088,pop_6,Pop_6,PerCapInc,economic__special_variable,economic,True,25349,1146,,0,0,False,8443713,0,,0,0,False,-1115,1662.9314477752835,False,-0.04398595605349324,0.06424722027762816,False,0.921,0.088,True,-8419479,1205,True,92.10000000000001,8.799999999999999,True
UG9wUHZVMQ==,24172,1204,3,1,0,poppvu1,PopPvU1,PopPvU1,income_in_past_12_months_is_below_the_poverty_level,economic,True,25293,1144,2.7,1,0,True,8304816,2781,0,1,0,True,-1121,1660.8287088077445,False,-0.044320563001621,0.06429919123400361,False,0,0,-8280644,3030.4417169779063,True,0,0
UG9wUHZVMg==,24172,1204,3,1,0,poppvu2,PopPvU2,PopPvU2,ratio_of_income_to_poverty_level,economic,True,25293,1144,2.7,1,0,True,8304816,2781,0,1,0,True,-1121,1660.8287088077445,False,-0.044320563001621,0.06429919123400361,False,0,0,-8280644,3030.4417169779063,True,0,0
UHJkVHJuc01N,2221,316,8.6,0.175,0.022,prdtrnsmm,PrdTrnsMM,CvEm16pl2,occupation,economic,True,1976,310,9.5,0.156,0.022,True,373428,4652,0.8,0.092,0.001,True,245,442.66917669971104,False,0.12398785425101215,0.2380500366438509,False,0.01899999999999999,0.03111269837220809,False,-371207,4662.720236085369,True,8.3,2.2022715545545237,True
UHJmU01nQVdN,1196,241,12.3,0.094,0.018,prfsmgawm,PrfSMgAWM,CvEm16pl3,industry,economic,True,,0,,0,0,False,555773,6009,0.7,0.137,0.001,True,,,,,0.094,0.018,True,-554577,6013.830892201742,True,-4.300000000000001,1.8027756377319943,False
UHJ2V1NXcmty,10838,769,4.3,0.852,0.024,prvwswrkr,PrvWSWrkr,CvEm16pl4,class_of_worker,economic,True,10500,775,4.5,0.828,0.032,True,3254637,8485,0.2,0.803,0.001,True,338,1091.7811135937459,False,0.03219047619047619,0.10567898137300467,False,0.02400000000000002,0.04,False,-3243799,8519.776170768808,True,4.8999999999999915,2.4020824298928627,False
UFUxOEJ3UHY=,830,227,16.6,0.186,0.047,pu18bwpv,PU18BwPv,PU18PvU,income_in_past_12_months_is_below_the_poverty_level,economic,True,943,229,14.7,0.195,0.043,True,465069,6961,0.9,0.268,0.004,True,-113,322.4437935516824,False,-0.11983032873807,0.32191980266131703,False,-0.009000000000000008,0.06370243323453194,False,-464239,6964.700280701245,True,-8.2,4.7169905660283025,False
UFUxOFB2VQ==,4464,478,6.5,1,0,pu18pvu,PU18PvU,PU18PvU,income_in_past_12_months_is_below_the_poverty_level,economic,True,4834,505,6.4,1,0,True,1737110,1722,0.1,1,0,True,-370,695.3481142564492,False,-0.07654116673562267,0.13814745610722876,False,0,0,-1732646,1787.1116361324493,True,0,0
UHViQWRtaW4=,259,85,20,0.02,0.007,pubadmin,PubAdmin,CvEm16pl3,industry,economic,False,,0,,0,0,False,152150,2799,1.1,0.038,0.001,True,,,,,0.02,0.007,False,-151891,2800.290342089548,True,-1.7999999999999998,0.7071067811865476,False
UHYxMDB0MTI0,1606,330,12.5,0.066,0.013,pv100t124,Pv100t124,PopPvU2,ratio_of_income_to_poverty_level,economic,True,1708,313,11.2,0.068,0.012,True,431223,5766,0.8,0.052,0.001,True,-102,454.82853912216194,False,-0.059718969555035126,0.2588836317217633,False,-0.0020000000000000018,0.01769180601295413,False,-429617,5775.435567989656,True,1.4000000000000004,1.3038404810405297,False
UHYxMjV0MTQ5,1323,260,11.9,0.055,0.01,pv125t149,Pv125t149,PopPvU2,ratio_of_income_to_poverty_level,economic,True,1720,328,11.6,0.068,0.013,True,396682,5552,0.9,0.048,0.001,True,-397,418.54987755344047,False,-0.23081395348837208,0.21063189587432588,False,-0.013000000000000005,0.016401219466856725,False,-395359,5558.084562149086,True,0.7000000000000002,1.004987562112089,False
UHYxNTB0MTc0,1269,341,16.4,0.052,0.014,pv150t174,Pv150t174,PopPvU2,ratio_of_income_to_poverty_level,economic,True,1194,254,12.9,0.047,0.01,True,373133,5481,0.9,0.045,0.001,True,75,425.2023047914957,False,0.06281407035175879,0.36425573629535785,False,0.0049999999999999975,0.017204650534085254,False,-371864,5491.597399664327,True,0.7000000000000002,1.4035668847618201,False
UHYxNzV0MTg0,196,98,30.4,0.008,0.004,pv175t184,Pv175t184,PopPvU2,ratio_of_income_to_poverty_level,economic,False,720,244,20.6,0.028,0.01,False,141732,3263,1.4,0.017,0,True,-524,262.94486114012574,False,-0.7277777777777777,0.16442891023743866,True,-0.02,0.010770329614269008,False,-141536,3264.4713201374584,True,-0.9000000000000001,0.4,False
UHYxODV0MTk5,962,246,15.5,0.04,0.01,pv185t199,Pv185t199,PopPvU2,ratio_of_income_to_poverty_level,economic,True,739,241,19.8,0.029,0.009,True,203211,4036,1.2,0.024,0,True,223,344.379151517626,False,0.3017591339648173,0.5394738698811984,False,0.011,0.01345362404707371,False,-202249,4043.4900766540777,True,1.6,1,False
UHYyMDB0Mjk5,5427,547,6.1,0.225,0.02,pv200t299,Pv200t299,PopPvU2,ratio_of_income_to_poverty_level,economic,True,5800,677,7.1,0.229,0.025,True,1181403,9023,0.5,0.142,0.001,True,-373,870.366589432292,False,-0.06431034482758621,0.14430148433876006,False,-0.0040000000000000036,0.032015621187164243,False,-1175976,9039.56514440822,True,8.3,2.0024984394500787,True
UHYzMDB0Mzk5,3546,429,7.4,0.147,0.016,pv300t399,Pv300t399,PopPvU2,ratio_of_income_to_poverty_level,economic,True,2611,422,9.8,0.103,0.016,True,923748,7695,0.5,0.111,0.001,True,935,601.7682278086805,False,0.35810034469551894,0.27418421709548907,False,0.044,0.02262741699796952,False,-920202,7706.949201856724,True,3.5999999999999996,1.6031219541881399,False
UHY0MDB0NDk5,2204,377,10.4,0.091,0.015,pv400t499,Pv400t499,PopPvU2,ratio_of_income_to_poverty_level,economic,True,2295,365,9.7,0.091,0.014,True,727075,6935,0.6,0.088,0.001,True,-91,524.7418412896002,False,-0.03965141612200436,0.22430496550531645,False,0,0.020518284528683192,-724871,6945.239664691205,True,0.3000000000000007,1.5033296378372907,False
UHY1MDBwbA==,4514,468,6.3,0.187,0.017,pv500pl,Pv500pl,PopPvU2,ratio_of_income_to_poverty_level,economic,True,5136,611,7.2,0.203,0.022,True,2355855,10909,0.3,0.284,0.001,True,-622,769.6395260120156,False,-0.12110591900311526,0.13869129058478602,False,-0.016000000000000014,0.027802877548915687,False,-2351341,10919.034069000792,True,-9.7,1.7029386365926402,True
UHY1MHQ3NA==,677,193,17.3,0.028,0.008,pv50t74,Pv50t74,PopPvU2,ratio_of_income_to_poverty_level,economic,True,848,250,17.9,0.034,0.01,True,405929,5675,0.8,0.049,0.001,True,-171,315.83065082414026,False,-0.2016509433962264,0.3274058863623233,False,-0.006000000000000002,0.012806248474865698,False,-405252,5678.2809018223115,True,-2.1,0.806225774829855,False
UHY3NXQ5OQ==,1408,255,11,0.058,0.01,pv75t99,Pv75t99,PopPvU2,ratio_of_income_to_poverty_level,economic,True,1312,320,14.8,0.052,0.012,True,481190,5800,0.7,0.058,0.001,True,96,409.1760012512953,False,0.07317073170731707,0.32601876066153745,False,0.006000000000000005,0.015620499351813309,False,-479782,5805.602897201978,True,0,1.004987562112089
UHZISW5z,11875,924,4.7,0.49,0.029,pvhins,PvHIns,CvNIPop2,health_insurance_coverage,economic,True,,0,,0,0,False,4818542,18699,0.2,0.575,0.002,True,,,,,0.49,0.029,True,-4806667,18721.815536961152,True,-8.499999999999993,2.906888370749727,False
UHZVNTA=,1040,230,13.4,0.043,0.009,pvu50,PvU50,PopPvU2,ratio_of_income_to_poverty_level,economic,True,1210,274,13.8,0.048,0.011,True,683635,7209,0.6,0.082,0.001,True,-170,357.7373338079211,False,-0.14049586776859505,0.27205300609346494,False,-0.0050000000000000044,0.014212670403551895,False,-682595,7212.668091628783,True,-3.9000000000000012,0.9055385138137416,True
UmV0YWls,1478,308,12.7,0.116,0.023,retail,Retail,CvEm16pl3,industry,economic,True,,0,,0,0,False,378143,4826,0.8,0.093,0.001,True,,,,,0.116,0.023,True,-376665,4835.818441587732,True,2.3000000000000007,2.3021728866442674,False
U2FsZXNPZmY=,2679,363,8.2,0.211,0.025,salesoff,SalesOff,CvEm16pl2,occupation,economic,True,3109,405,7.9,0.245,0.028,True,842017,7138,0.5,0.208,0.002,True,-430,543.869469634029,False,-0.138308137664844,0.16196432644849962,False,-0.034,0.03753664875824692,False,-839338,7147.224146478127,True,0.29999999999999716,2.5079872407968904,False
U2xmRW1OSW5j,775,180,14.1,0.061,0.014,slfemninc,SlfEmNInc,CvEm16pl4,class_of_worker,economic,True,988,230,14.2,0.078,0.017,True,261635,4106,1,0.065,0.001,True,-213,292.0616373302047,False,-0.21558704453441296,0.2579474141266053,False,-0.017,0.022022715545545243,False,-260860,4109.943551923798,True,-0.40000000000000036,1.4035668847618201,False
U3J2Yw==,3417,462,8.2,0.269,0.032,srvc,Srvc,CvEm16pl2,occupation,economic,True,3360,463,8.4,0.265,0.033,True,918538,8512,0.6,0.227,0.002,True,57,654.0741548173265,False,0.016964285714285713,0.1963266164286626,False,0.0040000000000000036,0.04596737973824482,False,-915121,8524.528608668048,True,4.200000000000003,3.2062439083762797,False
VHJXSFV0,1630,307,11.4,0.128,0.023,trwhut,TrWHUt,CvEm16pl3,industry,economic,True,,0,,0,0,False,259590,3894,0.9,0.064,0.001,True,,,,,0.128,0.023,True,-257960,3906.083076433475,True,6.4,2.3021728866442674,False
VTE4TkhJbnM=,130,100,46.9,0.027,0.021,u18nhins,U18NHIns,CvNIU18_2,health_insurance_coverage,economic,False,,0,,0,0,False,49352,2474,3,0.027,0.001,True,,,,,0.027,0.021,False,-49222,2476.020193778718,True,0,2.1023796041628637
VUVt,438,126,17.5,1,0,uem,UEm,UEm,health_insurance_coverage,economic,True,,0,,0,0,False,276948,4496,1,1,0,True,,,,,1,0,True,-276510,4497.7652228634615,True,0,0
VUVtSElucw==,367,118,19.6,0.838,0.122,uemhins,UEmHIns,UEm,health_insurance_coverage,economic,True,,0,,0,0,False,224574,4158,1.1,0.811,0.006,True,,,,,0.838,0.122,True,-224207,4159.674025689994,True,2.6999999999999886,12.214745187681975,False
VUVtTkhJbnM=,71,42,35.9,0.162,0.084,uemnhins,UEmNHIns,UEm,health_insurance_coverage,economic,False,,0,,0,0,False,52374,1870,2.2,0.189,0.006,True,,,,,0.162,0.084,False,-52303,1870.471598287448,True,-2.6999999999999993,8.42140130857092,False
VUVtUGJISW5z,218,98,27.4,0.498,0.172,uempbhins,UEmPbHIns,UEm,health_insurance_coverage,economic,False,,0,,0,0,False,139298,3383,1.5,0.503,0.008,True,,,,,0.498,0.172,False,-139080,3384.4191525282445,True,-0.5,17.218594600024705,False
VUVtUHZISW5z,178,78,26.8,0.406,0.136,uempvhins,UEmPvHIns,UEm,health_insurance_coverage,economic,False,,0,,0,0,False,96183,2458,1.6,0.347,0.007,True,,,,,0.406,0.136,False,-96005,2459.2372801338224,True,5.900000000000006,13.618002790424153,False
VXBkRm1Xcmty,6,9,91.2,0,0.001,updfmwrkr,UpdFmWrkr,CvEm16pl4,class_of_worker,economic,False,12,20,101.3,0.001,0.002,False,5061,634,7.6,0.001,0.001,True,-6,21.93171219946131,False,-0.5,1.1211353372561423,False,-0.001,0.0022360679774997894,False,-5055,634.0638769083127,True,-0.1,0.14142135623730953,False
V2hsc2FsZQ==,392,119,18.5,0.031,0.009,whlsale,Whlsale,CvEm16pl3,industry,economic,True,,0,,0,0,False,85255,2520,1.8,0.021,0.001,True,,,,,0.031,0.009,True,-84863,2522.808157589475,True,1,0.9055385138137416,False
V3JrRTE2cGw=,13226,761,3.5,0.411,0.039,wrke16pl,WrkE16pl,MdEWrk,economic__special_variable,economic,True,13850,0,,0,0,False,4379105,12835,0.2,0,0,True,-624,761,False,-0.04505415162454874,0.054945848375451266,False,0.411,0.039,True,-4365879,12857.54043353549,True,41.099999999999994,3.9,True
V3JrcjE2cGw=,12301,836,4.1,1,0,wrkr16pl,Wrkr16pl,Wrkr16pl,commute_to_work,economic,True,12486,790,3.8,1,0,True,3953532,9967,0.2,1,0,True,-185,1150.2156319577648,False,-0.014816594585936248,0.09147909031144849,False,0,0,-3941231,10001.999050189917,True,0,0
V3Jrck5vdEht,11976,847,4.3,0,0,wrkrnothm,WrkrNotHm,MnTrvTm,economic__special_variable,economic,True,12196,804,,0,0,False,3788938,10642,0.2,0,0,True,-220,1167.829182714664,False,-0.01803870121351263,0.09494032410813177,False,0,0,-3776962,10675.653282118148,True,0,0
